-- phpMyAdmin SQL Dump
-- version 4.1.8
-- http://www.phpmyadmin.net
--
-- Host: localhost
-- Generation Time: Jan 15, 2015 at 02:25 PM
-- Server version: 5.5.36-cll
-- PHP Version: 5.4.23

SET SQL_MODE = "NO_AUTO_VALUE_ON_ZERO";
SET time_zone = "+00:00";


/*!40101 SET @OLD_CHARACTER_SET_CLIENT=@@CHARACTER_SET_CLIENT */;
/*!40101 SET @OLD_CHARACTER_SET_RESULTS=@@CHARACTER_SET_RESULTS */;
/*!40101 SET @OLD_COLLATION_CONNECTION=@@COLLATION_CONNECTION */;
/*!40101 SET NAMES utf8 */;

--
-- Database: `cipluxc_db_mavis`
--

-- --------------------------------------------------------

--
-- Table structure for table `tbl_restaurants_authentication`
--

CREATE TABLE IF NOT EXISTS `tbl_restaurants_authentication` (
  `authentication_id` int(11) NOT NULL AUTO_INCREMENT,
  `username` varchar(100) NOT NULL,
  `password` varchar(100) NOT NULL,
  `name` varchar(100) NOT NULL,
  `role_id` int(11) NOT NULL,
  `is_deleted` int(11) NOT NULL,
  `deny_access` int(11) NOT NULL,
  PRIMARY KEY (`authentication_id`)
) ENGINE=InnoDB  DEFAULT CHARSET=latin1 AUTO_INCREMENT=6 ;

--
-- Dumping data for table `tbl_restaurants_authentication`
--

INSERT INTO `tbl_restaurants_authentication` (`authentication_id`, `username`, `password`, `name`, `role_id`, `is_deleted`, `deny_access`) VALUES
(4, 'bayu', '32f3e77bb169c58e290811d0989aa28b', 'Bayu AP', 2, 0, 0),
(5, 'admin', '0192023a7bbd73250516f069df18b500', 'admin', 2, 0, 0);

-- --------------------------------------------------------

--
-- Table structure for table `tbl_restaurants_categories`
--

CREATE TABLE IF NOT EXISTS `tbl_restaurants_categories` (
  `category_id` int(11) NOT NULL AUTO_INCREMENT,
  `category` varchar(100) NOT NULL,
  `created_at` varchar(30) NOT NULL,
  `is_deleted` int(11) NOT NULL,
  PRIMARY KEY (`category_id`)
) ENGINE=InnoDB  DEFAULT CHARSET=latin1 AUTO_INCREMENT=14 ;

--
-- Dumping data for table `tbl_restaurants_categories`
--

INSERT INTO `tbl_restaurants_categories` (`category_id`, `category`, `created_at`, `is_deleted`) VALUES
(6, 'Wisata Modern', '', 0),
(7, 'Wisata Bendungan', '', 0),
(8, 'Wisata Pemandian', '', 0),
(9, 'Wisata Pantai', '', 0),
(10, 'Wisata Air Terjun', '', 0),
(11, 'Wisata Agro / Plantation Tour', '', 0),
(12, 'Wisata Petualang Rafting', '', 1),
(13, 'Wisata Outbond', '', 0);

-- --------------------------------------------------------

--
-- Table structure for table `tbl_restaurants_photos`
--

CREATE TABLE IF NOT EXISTS `tbl_restaurants_photos` (
  `photo_id` int(11) NOT NULL AUTO_INCREMENT,
  `photo_url` text NOT NULL,
  `thumb_url` text NOT NULL,
  `id_lokasi` int(11) NOT NULL,
  `created_at` varchar(30) NOT NULL,
  `is_deleted` int(11) NOT NULL,
  PRIMARY KEY (`photo_id`)
) ENGINE=InnoDB  DEFAULT CHARSET=latin1 AUTO_INCREMENT=104 ;

--
-- Dumping data for table `tbl_restaurants_photos`
--

INSERT INTO `tbl_restaurants_photos` (`photo_id`, `photo_url`, `thumb_url`, `id_lokasi`, `created_at`, `is_deleted`) VALUES
(13, 'http://localhost/KULIAH/PAPB/Mavis/restau/upload_pic/large_1420507323.jpg', 'http://localhost/KULIAH/PAPB/Mavis/restau/upload_pic/thumb_1420507323.jpg', 8, '', 1),
(14, 'http://localhost/KULIAH/PAPB/Mavis/restau/upload_pic/large_1420507337.jpg', 'http://localhost/KULIAH/PAPB/Mavis/restau/upload_pic/thumb_1420507337.jpg', 8, '', 1),
(15, 'http://localhost/KULIAH/PAPB/Mavis/restau/upload_pic/large_1420507349.jpg', 'http://localhost/KULIAH/PAPB/Mavis/restau/upload_pic/thumb_1420507349.jpg', 8, '', 1),
(16, 'http://localhost/KULIAH/PAPB/Mavis/restau/upload_pic/large_1420507722.jpg', 'http://localhost/KULIAH/PAPB/Mavis/restau/upload_pic/thumb_1420507722.jpg', 9, '', 1),
(17, 'http://localhost/KULIAH/PAPB/Mavis/restau/upload_pic/large_1420507735.jpg', 'http://localhost/KULIAH/PAPB/Mavis/restau/upload_pic/thumb_1420507735.jpg', 9, '', 1),
(18, 'http://localhost/KULIAH/PAPB/Mavis/restau/upload_pic/large_1420533246.jpg', 'http://localhost/KULIAH/PAPB/Mavis/restau/upload_pic/thumb_1420533246.jpg', 10, '', 1),
(19, 'http://localhost/KULIAH/PAPB/Mavis/restau/upload_pic/large_1420533543.jpg', 'http://localhost/KULIAH/PAPB/Mavis/restau/upload_pic/thumb_1420533543.jpg', 11, '', 1),
(20, 'http://localhost/KULIAH/PAPB/Mavis/restau/upload_pic/large_1420533568.jpg', 'http://localhost/KULIAH/PAPB/Mavis/restau/upload_pic/thumb_1420533568.jpg', 11, '', 1),
(21, 'http://www.mavis.ciplux.com/upload_pic/large_1420614698.jpg', 'http://www.mavis.ciplux.com/upload_pic/thumb_1420614698.jpg', 12, '', 1),
(22, 'http://localhost/KULIAH/PAPB/Mavis/restau/upload_pic/large_1420533967.jpg', 'http://localhost/KULIAH/PAPB/Mavis/restau/upload_pic/thumb_1420533967.jpg', 12, '', 1),
(23, 'http://localhost/KULIAH/PAPB/Mavis/restau/upload_pic/large_1420533980.jpg', 'http://localhost/KULIAH/PAPB/Mavis/restau/upload_pic/thumb_1420533980.jpg', 12, '', 1),
(24, 'http://localhost/KULIAH/PAPB/Mavis/restau/upload_pic/large_1420534248.jpg', 'http://localhost/KULIAH/PAPB/Mavis/restau/upload_pic/thumb_1420534248.jpg', 13, '', 1),
(25, 'http://localhost/KULIAH/PAPB/Mavis/restau/upload_pic/large_1420534256.jpg', 'http://localhost/KULIAH/PAPB/Mavis/restau/upload_pic/thumb_1420534256.jpg', 13, '', 1),
(26, 'http://localhost/KULIAH/PAPB/Mavis/restau/upload_pic/large_1420534266.jpg', 'http://localhost/KULIAH/PAPB/Mavis/restau/upload_pic/thumb_1420534266.jpg', 13, '', 1),
(27, 'http://localhost/KULIAH/PAPB/Mavis/restau/upload_pic/large_1420534340.jpg', 'http://localhost/KULIAH/PAPB/Mavis/restau/upload_pic/thumb_1420534340.jpg', 10, '', 1),
(28, 'http://localhost/KULIAH/PAPB/Mavis/restau/upload_pic/large_1420536563.jpg', 'http://localhost/KULIAH/PAPB/Mavis/restau/upload_pic/thumb_1420536563.jpg', 14, '', 1),
(29, 'http://localhost/KULIAH/PAPB/Mavis/restau/upload_pic/large_1420536576.jpg', 'http://localhost/KULIAH/PAPB/Mavis/restau/upload_pic/thumb_1420536576.jpg', 14, '', 1),
(30, 'http://localhost/KULIAH/PAPB/Mavis/restau/upload_pic/large_1420536593.jpg', 'http://localhost/KULIAH/PAPB/Mavis/restau/upload_pic/thumb_1420536593.jpg', 15, '', 1),
(31, 'http://localhost/KULIAH/PAPB/Mavis/restau/upload_pic/large_1420536621.jpg', 'http://localhost/KULIAH/PAPB/Mavis/restau/upload_pic/thumb_1420536621.jpg', 16, '', 1),
(32, 'http://localhost/KULIAH/PAPB/Mavis/restau/upload_pic/large_1420536634.jpg', 'http://localhost/KULIAH/PAPB/Mavis/restau/upload_pic/thumb_1420536634.jpg', 16, '', 1),
(33, 'http://localhost/KULIAH/PAPB/Mavis/restau/upload_pic/large_1420536673.jpg', 'http://localhost/KULIAH/PAPB/Mavis/restau/upload_pic/thumb_1420536673.jpg', 19, '', 1),
(34, 'http://localhost/KULIAH/PAPB/Mavis/restau/upload_pic/large_1420536819.jpg', 'http://localhost/KULIAH/PAPB/Mavis/restau/upload_pic/thumb_1420536819.jpg', 18, '', 1),
(35, 'http://localhost/KULIAH/PAPB/Mavis/restau/upload_pic/large_1420536857.jpg', 'http://localhost/KULIAH/PAPB/Mavis/restau/upload_pic/thumb_1420536857.jpg', 17, '', 1),
(36, 'http://localhost/KULIAH/PAPB/Mavis/restau/upload_pic/large_1420536892.jpg', 'http://localhost/KULIAH/PAPB/Mavis/restau/upload_pic/thumb_1420536892.jpg', 17, '', 1),
(37, 'http://localhost/KULIAH/PAPB/Mavis/restau/upload_pic/large_1420537031.jpg', 'http://localhost/KULIAH/PAPB/Mavis/restau/upload_pic/thumb_1420537031.jpg', 17, '', 1),
(38, 'http://localhost/KULIAH/PAPB/Mavis/restau/upload_pic/large_1420537047.jpg', 'http://localhost/KULIAH/PAPB/Mavis/restau/upload_pic/thumb_1420537047.jpg', 20, '', 1),
(39, 'http://localhost/KULIAH/PAPB/Mavis/restau/upload_pic/large_1420537058.jpg', 'http://localhost/KULIAH/PAPB/Mavis/restau/upload_pic/thumb_1420537058.jpg', 20, '', 1),
(40, 'http://localhost/KULIAH/PAPB/Mavis/restau/upload_pic/large_1420537069.jpg', 'http://localhost/KULIAH/PAPB/Mavis/restau/upload_pic/thumb_1420537069.jpg', 20, '', 1),
(41, 'http://www.mavis.ciplux.com/upload_pic/large_1420707035.jpg', 'http://www.mavis.ciplux.com/upload_pic/thumb_1420707035.jpg', 9, '', 0),
(42, 'http://www.mavis.ciplux.com/upload_pic/large_1420707108.jpg', 'http://www.mavis.ciplux.com/upload_pic/thumb_1420707108.jpg', 9, '', 0),
(43, 'http://www.mavis.ciplux.com/upload_pic/large_1420707146.jpg', 'http://www.mavis.ciplux.com/upload_pic/thumb_1420707146.jpg', 10, '', 0),
(44, 'http://www.mavis.ciplux.com/upload_pic/large_1420707180.jpg', 'http://www.mavis.ciplux.com/upload_pic/thumb_1420707180.jpg', 10, '', 0),
(45, 'http://www.mavis.ciplux.com/upload_pic/large_1420707230.jpg', 'http://www.mavis.ciplux.com/upload_pic/thumb_1420707230.jpg', 15, '', 1),
(46, 'http://www.mavis.ciplux.com/upload_pic/large_1420707263.jpg', 'http://www.mavis.ciplux.com/upload_pic/thumb_1420707263.jpg', 18, '', 1),
(47, 'http://www.mavis.ciplux.com/upload_pic/large_1420707298.jpg', 'http://www.mavis.ciplux.com/upload_pic/thumb_1420707298.jpg', 20, '', 1),
(48, 'http://www.mavis.ciplux.com/upload_pic/large_1420707819.jpg', 'http://www.mavis.ciplux.com/upload_pic/thumb_1420707819.jpg', 8, '', 1),
(49, 'http://www.mavis.ciplux.com/upload_pic/large_1420707987.jpg', 'http://www.mavis.ciplux.com/upload_pic/thumb_1420707987.jpg', 8, '', 0),
(50, 'http://www.mavis.ciplux.com/upload_pic/large_1420708813.jpg', 'http://www.mavis.ciplux.com/upload_pic/thumb_1420708813.jpg', 19, '', 1),
(51, 'http://www.mavis.ciplux.com/upload_pic/large_1420757209.jpg', 'http://www.mavis.ciplux.com/upload_pic/thumb_1420757209.jpg', 12, '', 0),
(52, 'http://www.mavis.ciplux.com/upload_pic/large_1420757225.jpg', 'http://www.mavis.ciplux.com/upload_pic/thumb_1420757225.jpg', 12, '', 1),
(53, 'http://www.mavis.ciplux.com/upload_pic/large_1420757471.jpg', 'http://www.mavis.ciplux.com/upload_pic/thumb_1420757471.jpg', 13, '', 0),
(54, 'http://www.mavis.ciplux.com/upload_pic/large_1420757485.jpg', 'http://www.mavis.ciplux.com/upload_pic/thumb_1420757485.jpg', 13, '', 0),
(55, 'http://www.mavis.ciplux.com/upload_pic/large_1420757507.jpg', 'http://www.mavis.ciplux.com/upload_pic/thumb_1420757507.jpg', 9, '', 0),
(56, 'http://www.mavis.ciplux.com/upload_pic/large_1420757595.jpg', 'http://www.mavis.ciplux.com/upload_pic/thumb_1420757595.jpg', 14, '', 0),
(57, 'http://www.mavis.ciplux.com/upload_pic/large_1420757612.jpg', 'http://www.mavis.ciplux.com/upload_pic/thumb_1420757612.jpg', 14, '', 0),
(58, 'http://www.mavis.ciplux.com/upload_pic/large_1420757727.jpg', 'http://www.mavis.ciplux.com/upload_pic/thumb_1420757727.jpg', 10, '', 0),
(59, 'http://www.mavis.ciplux.com/upload_pic/large_1420757781.jpg', 'http://www.mavis.ciplux.com/upload_pic/thumb_1420757781.jpg', 11, '', 0),
(60, 'http://www.mavis.ciplux.com/upload_pic/large_1420757840.jpg', 'http://www.mavis.ciplux.com/upload_pic/thumb_1420757840.jpg', 11, '', 0),
(61, 'http://www.mavis.ciplux.com/upload_pic/large_1420757870.jpg', 'http://www.mavis.ciplux.com/upload_pic/thumb_1420757870.jpg', 11, '', 0),
(62, 'http://www.mavis.ciplux.com/upload_pic/large_1420757961.jpg', 'http://www.mavis.ciplux.com/upload_pic/thumb_1420757961.jpg', 15, '', 0),
(63, 'http://www.mavis.ciplux.com/upload_pic/large_1420757978.jpg', 'http://www.mavis.ciplux.com/upload_pic/thumb_1420757978.jpg', 15, '', 0),
(64, 'http://www.mavis.ciplux.com/upload_pic/large_1420758281.jpg', 'http://www.mavis.ciplux.com/upload_pic/thumb_1420758281.jpg', 16, '', 0),
(65, 'http://www.mavis.ciplux.com/upload_pic/large_1420758298.jpg', 'http://www.mavis.ciplux.com/upload_pic/thumb_1420758298.jpg', 19, '', 0),
(66, 'http://www.mavis.ciplux.com/upload_pic/large_1420758375.jpg', 'http://www.mavis.ciplux.com/upload_pic/thumb_1420758375.jpg', 20, '', 0),
(67, 'http://www.mavis.ciplux.com/upload_pic/large_1420758405.jpg', 'http://www.mavis.ciplux.com/upload_pic/thumb_1420758405.jpg', 20, '', 0),
(68, 'http://www.mavis.ciplux.com/upload_pic/large_1420758507.jpg', 'http://www.mavis.ciplux.com/upload_pic/thumb_1420758507.jpg', 17, '', 0),
(69, 'http://www.mavis.ciplux.com/upload_pic/large_1420758528.jpg', 'http://www.mavis.ciplux.com/upload_pic/thumb_1420758528.jpg', 17, '', 0),
(70, 'http://www.mavis.ciplux.com/upload_pic/large_1420758545.jpg', 'http://www.mavis.ciplux.com/upload_pic/thumb_1420758545.jpg', 17, '', 0),
(71, 'http://www.mavis.ciplux.com/upload_pic/large_1420758586.jpg', 'http://www.mavis.ciplux.com/upload_pic/thumb_1420758586.jpg', 18, '', 0),
(72, 'http://www.mavis.ciplux.com/upload_pic/large_1420758601.jpg', 'http://www.mavis.ciplux.com/upload_pic/thumb_1420758601.jpg', 18, '', 0),
(73, 'http://www.mavis.ciplux.com/upload_pic/large_1420759225.jpg', 'http://www.mavis.ciplux.com/upload_pic/thumb_1420759225.jpg', 12, '', 0),
(74, 'http://www.mavis.ciplux.com/upload_pic/large_1420759249.jpg', 'http://www.mavis.ciplux.com/upload_pic/thumb_1420759249.jpg', 12, '', 0),
(75, 'http://www.mavis.ciplux.com/upload_pic/large_1421128852.jpg', 'http://www.mavis.ciplux.com/upload_pic/thumb_1421128852.jpg', 25, '', 0),
(76, 'http://www.mavis.ciplux.com/upload_pic/large_1421201612.jpg', 'http://www.mavis.ciplux.com/upload_pic/thumb_1421201612.jpg', 42, '', 0),
(77, 'http://www.mavis.ciplux.com/upload_pic/large_1421201750.jpg', 'http://www.mavis.ciplux.com/upload_pic/thumb_1421201750.jpg', 42, '', 0),
(78, 'http://www.mavis.ciplux.com/upload_pic/large_1421201828.jpg', 'http://www.mavis.ciplux.com/upload_pic/thumb_1421201828.jpg', 42, '', 0),
(79, 'http://www.mavis.ciplux.com/upload_pic/large_1421204207.jpg', 'http://www.mavis.ciplux.com/upload_pic/thumb_1421204207.jpg', 38, '', 0),
(80, 'http://www.mavis.ciplux.com/upload_pic/large_1421249395.jpg', 'http://www.mavis.ciplux.com/upload_pic/thumb_1421249395.jpg', 33, '', 0),
(81, 'http://www.mavis.ciplux.com/upload_pic/large_1421250361.jpg', 'http://www.mavis.ciplux.com/upload_pic/thumb_1421250361.jpg', 32, '', 0),
(82, 'http://www.mavis.ciplux.com/upload_pic/large_1421250845.jpg', 'http://www.mavis.ciplux.com/upload_pic/thumb_1421250845.jpg', 30, '', 0),
(83, 'http://www.mavis.ciplux.com/upload_pic/large_1421250996.jpg', 'http://www.mavis.ciplux.com/upload_pic/thumb_1421250996.jpg', 31, '', 0),
(84, 'http://www.mavis.ciplux.com/upload_pic/large_1421251087.jpg', 'http://www.mavis.ciplux.com/upload_pic/thumb_1421251087.jpg', 34, '', 0),
(85, 'http://www.mavis.ciplux.com/upload_pic/large_1421251363.jpg', 'http://www.mavis.ciplux.com/upload_pic/thumb_1421251363.jpg', 34, '', 0),
(86, 'http://www.mavis.ciplux.com/upload_pic/large_1421253691.jpg', 'http://www.mavis.ciplux.com/upload_pic/thumb_1421253691.jpg', 27, '', 0),
(87, 'http://www.mavis.ciplux.com/upload_pic/large_1421253815.jpg', 'http://www.mavis.ciplux.com/upload_pic/thumb_1421253815.jpg', 27, '', 0),
(88, 'http://www.mavis.ciplux.com/upload_pic/large_1421253977.jpg', 'http://www.mavis.ciplux.com/upload_pic/thumb_1421253977.jpg', 38, '', 0),
(89, 'http://www.mavis.ciplux.com/upload_pic/large_1421254373.jpg', 'http://www.mavis.ciplux.com/upload_pic/thumb_1421254373.jpg', 32, '', 0),
(90, 'http://www.mavis.ciplux.com/upload_pic/large_1421254446.jpg', 'http://www.mavis.ciplux.com/upload_pic/thumb_1421254446.jpg', 30, '', 0),
(91, 'http://www.mavis.ciplux.com/upload_pic/large_1421254618.jpg', 'http://www.mavis.ciplux.com/upload_pic/thumb_1421254618.jpg', 31, '', 0),
(92, 'http://www.mavis.ciplux.com/upload_pic/large_1421254956.jpg', 'http://www.mavis.ciplux.com/upload_pic/thumb_1421254956.jpg', 41, '', 0),
(93, 'http://www.mavis.ciplux.com/upload_pic/large_1421255034.jpg', 'http://www.mavis.ciplux.com/upload_pic/thumb_1421255034.jpg', 41, '', 0),
(94, 'http://www.mavis.ciplux.com/upload_pic/large_1421255237.jpg', 'http://www.mavis.ciplux.com/upload_pic/thumb_1421255237.jpg', 33, '', 0),
(95, 'http://www.mavis.ciplux.com/upload_pic/large_1421255552.jpg', 'http://www.mavis.ciplux.com/upload_pic/thumb_1421255552.jpg', 34, '', 0),
(96, 'http://www.mavis.ciplux.com/upload_pic/large_1421257200.jpg', 'http://www.mavis.ciplux.com/upload_pic/thumb_1421257201.jpg', 28, '', 0),
(97, 'http://www.mavis.ciplux.com/upload_pic/large_1421257244.jpg', 'http://www.mavis.ciplux.com/upload_pic/thumb_1421257244.jpg', 28, '', 0),
(98, 'http://www.mavis.ciplux.com/upload_pic/large_1421257338.jpg', 'http://www.mavis.ciplux.com/upload_pic/thumb_1421257338.jpg', 26, '', 0),
(99, 'http://www.mavis.ciplux.com/upload_pic/large_1421257390.jpg', 'http://www.mavis.ciplux.com/upload_pic/thumb_1421257390.jpg', 26, '', 0),
(100, 'http://www.mavis.ciplux.com/upload_pic/large_1421257518.jpg', 'http://www.mavis.ciplux.com/upload_pic/thumb_1421257518.jpg', 29, '', 0),
(101, 'http://www.mavis.ciplux.com/upload_pic/large_1421257599.jpg', 'http://www.mavis.ciplux.com/upload_pic/thumb_1421257599.jpg', 25, '', 0),
(102, 'http://www.mavis.ciplux.com/upload_pic/large_1421257899.jpg', 'http://www.mavis.ciplux.com/upload_pic/thumb_1421257899.jpg', 43, '', 0),
(103, 'http://www.mavis.ciplux.com/upload_pic/large_1421258233.jpg', 'http://www.mavis.ciplux.com/upload_pic/thumb_1421258233.jpg', 44, '', 0);

-- --------------------------------------------------------

--
-- Table structure for table `tbl_restaurants_restaurants`
--

CREATE TABLE IF NOT EXISTS `tbl_restaurants_restaurants` (
  `id_lokasi` int(11) NOT NULL AUTO_INCREMENT,
  `name` varchar(100) NOT NULL,
  `address` varchar(200) NOT NULL,
  `lat` varchar(30) NOT NULL,
  `lon` varchar(30) NOT NULL,
  `desc1` text NOT NULL,
  `email` text NOT NULL,
  `website` varchar(100) NOT NULL,
  `transport` text NOT NULL,
  `food_rating` float NOT NULL,
  `price_rating` float NOT NULL,
  `featured` int(11) NOT NULL,
  `phone` varchar(30) NOT NULL,
  `hours` varchar(60) NOT NULL,
  `created_at` varchar(100) NOT NULL,
  `category_id` int(11) NOT NULL,
  `is_deleted` int(11) NOT NULL,
  PRIMARY KEY (`id_lokasi`)
) ENGINE=InnoDB  DEFAULT CHARSET=latin1 AUTO_INCREMENT=46 ;

--
-- Dumping data for table `tbl_restaurants_restaurants`
--

INSERT INTO `tbl_restaurants_restaurants` (`id_lokasi`, `name`, `address`, `lat`, `lon`, `desc1`, `email`, `website`, `transport`, `food_rating`, `price_rating`, `featured`, `phone`, `hours`, `created_at`, `category_id`, `is_deleted`) VALUES
(8, 'Jawa Timur Park 1', 'Jl. Kartika No. 2 Kota Wisata Batu Jawa Timur, Indonesia', '-7.884342', '112.524872', 'Jatim Park adalah sebuah tempat rekreasi dan taman belajar yang terdapat di Kota Batu, Jawa Timur. Obyek wisata ini berada sekitar 20 km barat Kota Malang, dan kini menjadi salah satu icon wisata Jawa Timur. Obyek wisata ini memiliki 36 wahana, diantaranya kolam renang raksasa (dengan latar belakang patung Ken Dedes, Ken Arok, dan Mpu Gandring),spinning coaster, dan drop zone. Wahana pendidikan yang menjadi pusat perhatian diantaranya adalah Volcano dan Galeri Nusantara yang juga terdapat tanaman agro, diorama binatang langka, dan miniatur candi-candi.', 'a. Senin - Kamis : IDR 55.000 b. Weekend  dan High Season : IDR 75.000 c. FREE : anak - anak dengan tinggi dibawah 85 cm', 'www.jawatimurpark1.com/', 'Angkutan Umum : Dari Arjosari naik angkutan umum ADL ke terminal Landungsari(IDR 3000), Kemudian naik angkutan Umum MDL menuju tempat wisata Jawa Timur Park (angkutan Umum Warna Kuning)', 4.5, 4, 0, '+62 341 597777', 'Jam 08.30 - 16.30 WIB', '', 0, 0),
(9, 'Bendungan Selorejo', 'Kecamatan Ngantang, sekitar 48 km dari pusat kota Malang, Jawa Timur Indonesia', '-7.8824284', '112.3734334', 'Waduk Selorejo bagian kiri dilengkapi dengan fasilitas bermain anak-anak, Kuliner area dan oleh-oleh khas waduk Selorejo. di bagian kanan waduk Selorejo ini juga menyediakan jasa transportasi perahu untuk mengelilingi Waduk Selorejo mulai dari Hilir waduk Selorejo sampai Hulu waduk Selorejo di Gading, Kaum Rejo Ngantang. alasan yang cukup menarik untuk menggunakan jasa perahu Perum Jasa Tirta adalah kita bisa melihat kebun-kebun jambu kemudian memetiknya, melihat pertanian-pertanian di sepanjang waduk selorejo, atau melihat para petani yang bercanoe menyeberang yang hendak mau ke sawah, atau melihat penghobi mancing yang berada di sudut-sudut waduk selorejo.', 'HTM : IDR 10.000 | sewa perahu : IDR 5000 | Kebun Jambu : IDR 5000&quot;', '', 'Angkutan Umum :  Menggunakan bus dari Terminal Langdungsari jurusan Kediri atau Jombang . atau juga sebaliknya bisa ditempuh dari Kediri minta turun di Pertigaan Desa Selorejo. dari Pertigaan Selorejo bisa menggunakan angkutan bison atau ojek ke Waduk Selorejo', 4.5, 4.5, 1, '', 'Setiap Hari', '', 7, 0),
(10, 'Jawa TImur Park 2', 'Jl. Oro-Ombo No.9, Batu, Jawa Timur, Indonesia', '-7.888874', '112.527701', 'Sedikit berbeda dengan Jatim park 1 yang lebih ditujukan sebagai taman bermain dan hiburan, Jatim park 2 lebih menunjukan tempat belajar selain tempat bermain. Jatim park 2 mengusung konsep belajar ilmu alam, biologi dan pembelajaran satwa yang disajikan dengan latar belakang sesuai habitatnya. Jawa Timur Park 2 dibangun di wilayah malang Jatim park 2 terdiri dari Museum Satwa, Batu Secret Zoo dan Pohon Inn Hotel.', 'Senin - Kamis : IDR 70.000 | Weekend dan High Season : IDR 100.000 | FREE : anak - anak dengan tinggi dibawah 85 cm', 'www.jawatimurpark2.com/', 'Angkutan Umum : Dari Arjosari naik angkutan umum ADL ke terminal Landungsari(IDR 3000), Kemudian naik angkutan Umum BJL (Batu - Junrejo-Landungsari) menuju tempat wisata Jawa Timur Park 2(angkutan Umum Warna Kuning Muda)', 4.5, 4, 1, '(0341) 5025777', 'Jam 10.00 - 18.00 WIB', '', 6, 0),
(11, 'Museum Angkut', 'Jl. Terusan Sultan Agung No. 2 – Kota Wisata Batu Jawa Timur, Indonesia', '-7.87816', '112.520369', 'Latar belakang yang sedemikian mungkin disetting sesuai kota-kota dan bangunan eksotis yang ada di Batavia, Eropa dan Amerika', 'Senin - Kamis : IDR 50.000 | Weekend  dan High Season : IDR 75.000  | Paket  Museum Angkut + Movie Star Studio dengan D’Topeng  :  - Weekday : IDR 60.000 - Weekend : IDR 80.000', 'www.bnsbatu.net/', 'Angkutan Umum :  Dari Arjosari naik angkutan umum ADL ke terminal Landungsari(IDR 3000), dan naik angkutan lain menuju terminal Batu. Kemudian naik transportasi ojek ke arah museum angkut', 5, 4, 1, '(0341) 595007', 'Jam 12.00 - 20.00 WIB', '', 0, 0),
(12, 'Batu Night Spectacular', 'Jl. Raya Oro-oro Ombo No 200, Kota Wisata Batu, Batu, Jawa Timur 65316 Indonesia', '-7.896857', '112.534584', 'Batu Night Spectacular atau BNS merupakan wisata dan tempat rekreasi malam, mengusung konsep pasar malam &quot;modern&quot; tempat ini merupakan salah satu tempat rekreasi yang disukai di kota Malang. Terdapat berbagai wahana menarik yang bisa Anda coba bersama keluarga. Mulai dari wahana yang mengasyikan, menyeramkan, sampai wahana yang menantang siap menguji nyali Anda.', 'Senin - Kamis : 25.000 | Weekend &amp; High Season : 25.000&quot;', 'www.bnsbatu.net/', 'Angkutan Umum :  Dari Arjosari naik angkutan umum ADL ke terminal Landungsari(IDR 3000), dan naik angkutan lain menuju terminal Batu. Tersedia papan petunjuk jalan menuju BNS', 4, 4.5, -1, '+62 341 5025111', 'a. weekday Jam 16.00 - 23.00 | b. weekend Jam 16.00 - 24.00', '', 6, 0),
(13, 'Bendungan Karangkates', 'Waduk Ir. Sutami, Desa Karangkates, Kecamatan Sumberpucung, Kabupaten Malang, Jawa Timur, Indonesia', '-8.159677', '112.447101', 'Bendungan Karangkates atau biasa disebut Bendungan Sutami terletak di desa karangkates, kecamatan Sumberpucung. Air dari bendungan ini berasal dari sungai Brantas dan telah dibangun sejak tahun 1975-1977 dan digunakan sebagai Pembangkit Listrik Tenaga Air', 'IDR 2000 - 5000 per Orang', '', 'kendaraan umum', 4, 4.5, -1, '', 'Setiap hari', '', 7, 0),
(14, 'Bendungan Sengguruh', 'Desa Sengguruh, Kecamatan Kepanjen, Kabupaten Malang (24 Km selatan Kota Malang), Jawa Timur Indonesia', '-8.1830556', '112.55', 'Pembangunan Bendungan Sengguruh dimulai tahun 1982 dan baru selesai tahun 1989. Tujuan dibangunnya bendungan ini adalah sebagai penahan sedimen yang masuk ke Bendungan Karangkates. Bendungan Sengguruh juga berfungsi sebagai pembangkit tenaga listrik dengan daya terpasang 2 x 14,5 mW dan produksi listrik tahunan sebesar 91,02 x 106 kWh. Selain itu, keindahan alam di wilayah Bendungan Sengguruh juga dapat dijadikan pilihan menarik berwisata murah meriah bersama keluarga maupun rekan kerja.', 'IDR 5000 per Orang', '', 'Kereta Api : Kereta Api Matarmaja dari malang turun di stasiun kepanjen', 4.5, 4, -1, '', 'Setiap hari', '', 7, 0),
(15, 'Pantai Bajul Mati', 'Gajahrejo, Gedangan, Malang, Jawa Timur (58 Km arah selatan dari kota Malang) Indonesia', '-8.395937', '112.625824', 'Pantai Bajulmati mempunyai kelebihan yaitu dengan teluk-teluk nan indah. Selain menghadirkan pesona alam laut selatan, Pantai Bajulmati juga dikenal sebagai pantai yang unik. Seperti namanya yakni Bajulmati yang berarti Biawak Mati (Buaya Mati), di pantai ini Anda dapat melihat beberapa gugusan bukit diseberang pantai yang terlihat dari kejauhan seperti bajul mati. Pantai ini merupakan pula tempat yang baik untuk berkemah.', 'IDR 4000 per Orang', '', 'Kendaraan Pribadi : Dari Malang, arahkan kendaraan menuju Gadang, Turen. Sekitar 1,5 km sebelum pantai Sendang Biru, kita akan bertemu pertigaan. Selanjutnya belok kanan mengarah ke Pantai Bajul Mati', 4.5, 5, -1, '', 'Setiap Hari', '', 9, 0),
(16, 'Pantai Balekambang', 'Dusun Sumber Jambe, Desa Srigonco, Kecamatan Bantur, Kabupaten Malang, Jawa Timur Indonesia', '-8.403431', '112.538599', 'Daya tarik Balekambang utamanya tentu panorama alam, gelombang ombak yang memanjang hampir dua kilometer, serta hamparan pasir nan luas. Area pasir putih terlihat bersih dari sampah maupun kotoran sehingga cukup nyaman bagi pengunjung untuk bermain dan berolahraga. Bahkan tak jarang di pantai ini menjadi tempat latihan sejumlah klub sepakbola seperti Aremadan Persema.', 'IDR 5200 per Orang', '', 'Angkutan Umum : dari terminal Arjosari atau stasiun Kota Malang bisa menggunakan angkot jurusan Gadang. Dari Terminal Gadang ada angkutan menuju Bantur. Dari Bantur menuju lokasi biasanya menggunakan jasa ojek', 4, 5, -1, '', 'Setiap Hari', '', 9, 0),
(17, 'Pantai Sendang biru', 'Desa Tambakrejo, Kecamatan Sumbermanjing Wetan, Kabupaten Malang, Jawa Timur Indonesia', '-8.418789', '112.708762', 'Pantai Sendang Biru berpotensi sebagai obyek wisata yang sangat indah yang bisa dikunjungi. Di samping itu, bagi mereka yang ingin menyebrang ke pulau Sempu,  \r\npasti harus melewati pantai Sendang Biru terlebih dahulu. Dengan adanya pulau Sempu ini, membuat pantai Sendang Biru memiliki ombak yang tidak terlalu besar layaknya pantai laut selatan lainnya.\r\nSendang Biru ini juga dikenal sebagai tempat pendarat dan pelelang ikan di Malang. Dinamakan pantai Sendang Biru karena di pantai ini terdapat sumber mata air yang biasa disebut sebagai sendang, dan berwarna biru.', 'Sewa : Kapal Motor : IDR 100.000 | Kapal dayung : IDR 50.000', '', 'Angkutan Umum :  dari Stasiun Malang naik angkutan umum AG kemudian lanjut dengan bus Turen. Lalu naik lagi angkutan umum biru', 5, 5, -1, '', 'Setiap Hari', '', 9, 0),
(18, 'Pantai Ngliyep Donomulyo', 'Desa Kedungsalam, Kecamatan Donomulyo, Kabupaten Malang, Jawa Timur Indonesia', '-8.40292', '112.53517', 'Ngliyep memiliki panorama yang sangat indah, memiliki hamparan pasir putih yang lembut dan area bermain yang luas dengan ditumbuhi pepohonan yang rindang. Bahkan alunan gelombangnya pun cukup menarik untuk dinikmati. Karena itulah namanya Ngliyep yang memiliki arti setiap orang yang melihat pantai ini akan merasa mengantuk dan tertidur (bahasa Jawa: liyep-liyep). Ngliyep dikelilingi oleh tebing-tebing yang curam dam hamparan hutan tropis di sekitarnya. Terdapat sebuah pulau kecil bernama Gunung Kombang yang terdapat sebuah petilasan yang bisa dikunjungi.', 'IDR 5000 per Orang', '', 'Angkutan Umum :angkutan umum dari Kota Malang naik angkot jalur GN1 (Jurusan Gadang-Ngliyep) lewat Donomulyo atau GN2 (Jurusan Gadang-Ngliyep) lewat Sumbermanjingkulon', 4.5, 4, -1, '', 'Setiap Hari', '', 9, 0),
(19, 'Pantai Goa Cina Sitiarjo', ' Dusun Tumpak Awu, Desa Sitiarjo, Kecamatan Sumbermanjing Wetan, Kabupaten Malang, Jawa Timur Indonesia', '-8.4472147', '112.6527524', 'Pantai Goa Cina adalah salah satu objek wisata alam di Jawa Timur yang sedang naik daun Keindahan ombak liar khas pantai-pantai yang menghadap langsung ke Samudera Hindia merupakan hal yang selalu menarik bagi saya. Namun ada hal yang istimewa di Pantai Gua Cina, meski berada di bagian selatan pulau Jawa, dari pantai ini kita bisa menikmati sunrise.', 'IDR 4000 per Orang', '', 'Angkutan Umum : dari Stasiun Malang naik angkutan umum AG kemudian lanjut dengan bus Turen. Lalu naik lagi angkutan umum biru. Dari pantai sendang biru menggunakan transportasi  untuk pergi ke pantai Goa Cina(Sekitar 15 menit)', 3, 4, 1, '', 'Setiap Hari', '', 9, 0),
(20, 'Pemandian Candirenggo Kendedes', 'Jalan Ken Dedes, Singosari, Malang, Jawa Timur Indonesia (1 km dari arah barat Candi Singosari)', '-7.8819444', '112.6602778', 'Mengunjungi Petirtaan Ken Dedes dan merasakan sejuk dan jernihnya air di area wisata ini seakan mengingatkan kita pada suasana bertahun-tahun yang lalu saat kerajaan Singosari sedang berjaya di bawah pimpinan sang raja yang terkenal yakni Ken Arok. ', 'IDR 6000 per Orang', '', 'KENDARAAN PRIBADI : Dari kota Malang, arahkan kendaraan Anda menuju jalan Malang-Surabaya hingga menemukan Pasar Singosari/Candi Singosari. Dari candi, lokasi pemandian berada di sebelah barat sekitar 1 km. | ANGKUTAN UMUM : Naik mikrolet berkode SKL jurusan Singosari-Ketangi-Landungsari dari Terminal Malang dan turun di depan Pasar Singosari. Atau jika pengunjung dari Terminal Arjosari bisa naik angkutan kota jurusan Glugur-Langlang-Arjosari (GLA ) atau jurusan Lawang-Arjosari (LA). Dari sini, kita bisa berjalan kaki atau naik ojek hingga di petirtaan.', 4.5, 4.5, -1, '', 'Setiap Hari', '', 8, 0),
(21, 'asklijdl', 'knsalknd', '42.633958722673164', '-72.93044328689575', 'aksdlskna', 'kaks@asd', 'aksdnk', 'lasijhdasda', 4, 4, -1, '76', 'kasjda', '', 6, 1),
(22, 'Wisata Petik Sayur Pujon', 'Jl. Krajan,  Desa Pujon Kidul, Kec Pujon - Malang', '-7.882538', '112.51491', 'Wisata Petik Sayur di Pujon. Berlokasi di desa Pujon Kidul kecamatan Pujon, kabupaten Malang. Wisatawan dapat memetik sayur sendiri di desa penghasil sayuran tersebut, sekaligus melihat proses produksi sayur-sayuran. Tidak sekedar berwisata untuk membuang kepenatan saja, di desa ini pengunjung juga aja mendapatkan edukasi seputar pertanian. Seru sekaligus menarik!', 'free', 'wisatapujonkidul.blogspot.com', 'Dari pusat Kota Batu, Desa wisata Pujon Kidul dapat ditempuh dengan menggunakan kendaraan umum ataupun kendaraan pribadi dengan jarak tempuh sekitar ± 5 Km. Kendaraan pribadi :Dari arah Batu langsung menuju arah Pujon ataupun Jombang -Kediri kemudian belok kiri pada pertigaan kedua setelah tugu sapi kemudian arah Pujon Kidul. Kendaraan Umum :Jika menggunakan kendaraan umum dapat naik bus Puspa Indah arah Jombang - Kediri kemudian berhenti di tugu sapi kemudian berganti naik ojek ke Pujon Kidul.', 0, 5, -1, '0341-818 46 49 / 0341-935 81 6', 'setiap hari', '', 11, 0),
(23, 'Wisata Outbond Coban Rondo', 'Desa Pandesari, Kecamatan Pujon, Kabupaten Malang , Propinsi Jawa Timur', '-7.972649', '112.658601', 'Coban Rondo  memiliki ketinggian sekitar 84 m dan berada di ketinggian 1.135 meter dari permukaan laut.  Airnya berasal dari sumber di Cemoro Dudo, lereng Gunung Kawi dengan debit 150 liter per detik pada musim hujan dan 90 liter per detik di musim kemarau.  Curah hujan rata-rata 1.721 mm/th, dengan bulan basah pada bulan Nopember sampai bulan Maret dan bulan kering pada bulan April sampai dengan Oktober dengan suhu rata-rata +/- 22°C. Sebelum menjadi Coban Rondo, sebetulnya di atasnya ada air terjun kembar yang disebut Coban Manten. Mengalir ke bawah, air terjun itu menyatu menjadi Coban Dudo. Uniknya, Coban Dudo tersebut mengalir ke bawah menjadi Coban Rondo.\r\nSumber air dari tiga air terjun tersebut berada di Kepundan, satu dataran yang tanpa pohon satu pun berada di atas Coban Manten. Mereka yang ingin melihatnya, selain harus berhati-hati juga perlu ekstratenaga. Sebab, selain jalan licin, juga cukup jauh antara 3-4 km.', 'Outbound 3 Hari 1.000.000 30pax 3hr2mlm ; Outbound 2 Hari 550.000 30pax 2hr1mlm  ; Outbound Team Building 150.000 30pax 6 jam ; Outbound Gathering 100.000	30pax 4 jam ; Outbound Pelajar 100.000	 30pax 6 jam', 'cobanrondo.com', 'Kendaraan Pribadi / Kendaraan Umum : Dari Kota Malang jaraknya sekitar ±50km dan ditempuh selama 2 jam perjalanan. Akses yang paling mudah adalah melalui jalan raya Malang-Batu dari sebelah timur, atau melalui Kediri-Pare menuju Malang dari arah barat.', 0, 0, -1, '', 'setiap hari', '', 0, 0),
(24, 'Wisata Rafting Kasembon', 'Desa Bayem. Kec.Kasembon.Kab.Malang', '-7.948076', '112.620987', 'Menggunakan aliran Sungai Konto dan Sungai Sumber Dandang – Malang, kami akan membawa anda menikmati derasnya arus Sungai Sumber Dandang dengan 5 kanal yang  berketinggian antara 1,5 – 5 m yang akan memacu adrenalin anda. Hamparan sawah dan pematang serta pohon kelapa yang tumbuh sepanjang sungai akan membawa kenikmatan tersendiri dalam liburan anda. Aliran  Sungai Konto akan membawa anda menikmati sensasi berarung jeram yang berbeda dari sungai-sungai yang ada di Jawa Timur, variasi jeram dengan grade 2 – 3+ merupakan salah satu keistimewaan dari dari jalur ini.', 'Paket Rafting Kasembon Family trip 7,5 km, Rp. 165.000/orang ; Paket Rafting Kasembon + Outbound by Pro Outbound, Rp. 265.000/orang ; Paket Rafting Kasembon + Outbound camp, 2 hari 1 malam, Rp. 475.000/orang ; Paket Rafting Kasembon + Paintball, Rp. 315.000/orang', 'raftingkasembon.com', 'Kendaraan Pribadi :Bagi Anda yang mau menuju Kasembon Rafting dari Kota Malang, kota yang akan Anda lalui adalah Kota Batu – Pujon – Selorejo – Ngantang dan base camp Kasembon Rafting. Jarak Kota Malang-Kasembon sekitar 65 km (1,5-2 jam)', 4.5, 2, -1, '0341 - 403800', 'setiap hari', '', 13, 0),
(25, 'Taman Rekreasi Selecta', 'Jl. Raya Selecta, Desa Tulungrejo, Kecamatan Bumiaji, Kota Batu', '-7.8131754', '112.528796', '&quot;Selecta merupakan sebuah obyek wisata yang sangat tepat untuk Anda beserta keluarga. Bisa dikatakan bahwa Selecta adalah sebuah taman rekreasi yang dapat dinikmati setiap kalangan umur baik anak-anak, dewasa maupun orang yang sudah lanjut usia. Taman rekreasi ini terletak di daerah Pacet, Batu, Malang, Indonesia.\r\n\r\nDi Taman Rekreasi Selecta ini terdapat banyak wahana wisata yang dapat wisatawan nikmati, diantaranya: Flying Fox (Rp 15.000,- / 100 m dan Rp 20.000,- / 200 m), Berkuda (Rp 10.000,- per sekali jalan), Sepeda Air, Berenang, dll.\r\n\r\nSelain beberapa wahan wisata tersebut, di Taman Rekreasi Selecta ini juga terdapat Taman Bunga yang menawarkan keindahan puluhan bunga berwarna-warni yang sangat memanjakan mata wisatawan sekalian.\r\n\r\nArea Selecta atau Selekta ini dikelilingi oleh 3 gunung besar, yaitu Gunung Arjuno, Welirang, dan Anjasmoro. Wisata Selecta ini didirikan oleh seorang warga Belanda bernama Ruyter de Wildt yang awalnya dipergunakan sebagai tempat peristirahatan bagi warga Belanda di Indonesia. Sesuai dengan namanya kata ‘Selecta’ itu sendiri berasal dari kata ‘Selectia’ artinya ‘Pilihan’. Selecta dikenal sebagai salah satu tempat rekreasi tertua di kota Batu. Namanya tidak hanya terkenal di indonesia namun juga di mancanegara seperti di Belanda, Malaysia ataupun Taiwan.&quot;', 'Untuk rombongan IDR 20.000;  Untuk perorangan harga IDR 25.000', '', 'Angkutan Umum :                                                                                                                                                                                                                                                                                                                           Menggunakan kendaraan umum berupa Angkot berwarna biru dengan kode AL atau ADL tujuan Terminal Landungsari. Biaya dari pusat kota hingga Terminal Landungsari sebesar Rp 3.000,. Dari terminal tersebut wisatawan berganti Angkot berwarna Merah muda(pink) atau Ungu dari Terminal Landungsari turun di Terminal Batu dengan biaya sebesar Rp 4.000,. Dari Terminal batu tersebut, wisatawan harus berganti Angkot kembali menggunakan Angkot berwarna Orange jurusan Terminal Batu-Selecta-Coban Talun dengan biaya sebesar Rp 3.000,. Dengan menggunakan angkot tersebut, wisatawan akan langsung diantarkan sampai ke pintu gerbang Taman Rekreasi Selecta, Dari pintu masuk ini wisatawan harus berjalan sekitar 50 meter untuk benar-benar sampai ke Taman Rekreasi Wisata Selecta ini.', 3.5, 3.5, -1, '0341-592369', '06.00 – 18.00 WIB', '', 8, 0),
(26, 'Taman Rekreasi Sengkaling', 'Jl. Raya Mulyo Agung No.188, Kecamatan Dau, Kabupaten Malang', '-7.914365', '112.587822', 'Taman Rekreasi Sengkaling Malang adalah tempat wisata keluarga, sesuai dengan slogannya Wisata Air Impian Keluarga, dan menyediakan berbagai macam wahana permainan demi memanjakan pengunjung, di antaranya adalah taman bermain, wahana permainan di darat dan air, gedung serbaguna, dan kolam pemandian. Luas keseluruhan Sengkaling sekitar 9 hektar dan 6 hektar di antaranya berupa taman dan pepohonan yang menyejukkan. Taman Rekreasi Sengkaling pertama kali didirikan oleh seorang warga Belanda bernama Mr. Coolman pada tahun 1950 dan sempat dikelola oleh Mochtar warga dari Padang.  Sejak tahun 1975 sampai sekarang, pengelolaan Taman Rekreasi Sengkaling ini diambil alih oleh PT. Bentoel Group dan dikelola oleh PT. Taman Bentoel. PT. Taman  Bentoel, merupakan salah satu anak perusahaan Bentoel Group yang bergerak di bidang jasa pariwisata dalam bentuk taman rekreasi. Jika dahulu pada awal beroperasinya Taman Rekreasi Sengkaling ini, hanya diperuntukkan bagi karyawan PT. Bentoel. Tapi seraya perkembangannya, Taman Rekreasi Sengkaling lantas dibuka untuk umum. Sejak bulan Mei 2013 Sengkaling diambil alih pengelolaannya oleh Universitas Muhammadiyah Malang (UMM). Rencananya ke depan Taman Rekreasi Sengkaling akan dilengkapi juga dengan laboratorium dan hotel. Taman Rekreasi Sengkaling dengan luas tanah keseluruhan 9 hektar, terbagi atas 6 hektar yang lain masih berupa taman dan pepohonan hijau yang rindang. Tempat wisata ini mempunyai berbagai fasilitas yang memiliki keunggulan tersendiri dibandingkan tempat wisata yang lain. Salah satunya adalah wisata airnya yang berasal dari sumber alami pegunungan. Konon, salah satu sumber yang ada yaitu Kolam Tirta Alam, dipercayai bisa membuat orang awet muda dan sampai saat inipun masih banyak masyarakat yang mempercayainya.', 'Tiket biasa IDR 15.000,-/orang; Tiket Terusan Phinisi IDR 30.000,-/orang dewasa; Tiket Terusan Kano IDR 25.000,-/anak', 'www.wisata-sengkaling.com/home/', '&quot;a. Kendaraan Pribadi :                                                                                                                                                                                                                                                                                                                       Jika menggunakan kendaraan pribadi dari Surabaya, arahkan kendaraan menuju menuju ke kota Malang. Sampai di pertigaan Karanglo (Bentoel) lurus menuju Blimbing, sampai pertigaan Masjid Sabilillah belok kanan menuju Jl. Soekarno Hatta. Setelah sampai pertigaan Jembatan Unibraw belok ke kanan ke arah Sengkaling.                                                                                                                                                                                                                                                                                                                                                                                                                                                               b. Angkutan Umum :                                                                                                                                                                                                                                                                                                                          Jika menggunakan angkutan umum, dari Terminal Bus Arjosari Malang bisa naik bus jalur ADL atau AL menuju Terminal Landungsari. Sampai di Terminal Landungsari bisa langsung jalan kaki menuju arah Sengkaling (sekitar 500 m kampus III UMM).', 4, 4.5, -1, '(0341) 462260, 468231', 'Senin – Jumat : 06.00 – 18.00 WIB, Sabtu, Minggu dan Hari Li', '', 8, 0),
(27, 'Kawasan Wisata Songgoriti', 'Jl. Songgoriti, Kelurahan Songgokerto, Kec. Batu – Malang Utara', '-7.8665303', '112.4933159', 'Daerah Songgoriti terletak di kaki gunung banyak tepatnya di Kelurahan Songgokerto, Kecamatan Batu. Di Wisata Songgoriti, Anda dapat menikmati berbagai objek wisata menarik yang siap memanjakan Anda selama berada disana antara lain seperti kolam renang, pemandian air panas serta Pasar Wisata Songgoriti yang menyajikan berbagai souvenir serta jajanan khas Kota Wisata Batu. Bukan hanya itu, Wisata Songgoriti Batu juga menghadirkan objek wisata bersejarah yakni Candi Songgoriti yang merupakan peninggalan Kerajaan Majapahit. Adapun tempat wisata lain bernama Tirta Nirwana Songgoriti yang menghadirkan berbagai fasilitas permainan seperti outbound, kolam renang, sepeda air dan taman bermain untuk anak anak. Selain menghadirkan tempat wisata keluarga, Kawasan Wisata Songgoriti juga menawarkan wisata paralayang / paragliding yang berlokasi di puncak Gunung Banyak. Hanya dengan membayar uang sekitar Rp.250.000, Anda sudah dapat menikmati seluruh keindahan Kota Wisata Batu dari atas ketinggian dan siap meninggalkan kesan yang luar biasa di kehidupan Anda. Untuk masalah penginapan Anda tidak perlu khawatir karena di daerah Songgoriti banyak terdapat penginapan seperti Villa, Hotel hingga Rumah Sewa.', 'IDR 1.000 (motor) dan IDR 2.000 (mobil); Masuk Tirta Nirwana : IDR 14.900,-', '', '&quot;Angkutan Umum : Jurusan Songgoriti \r\nDari terminal kota Batu, tersedia mobil Angkot berwarna hijau berlabel A dan B bertujuan ke Songgoriti - Alun-alun. Dengan tarif sebesar Rp 3.500,-. Pada dasarnya arah dan lintasan kedua kendaraan sama. Hanya kalau jalur A pada saat di perempatan selekta membelok ke kiri melalui jalan Suropati melingkar ke jalan Hasanudin dan akan bertemu dan mengambil jalur yang sama dengan jalur B ke arah kiri di perempatan gereja Jago. Jalur B di perempatan Selekta tetap mengambil jalan lurus. Kedua kendaraan tetap akan melalui Songgoriti. Hanya saat kembali masing-masing kendaraan akan mengambil jalur mereka saat berangkatnya.&quot;', 3.5, 3.5, -1, '', '07.00 - 17.00 WIB', '1421131280', 8, 0),
(28, 'Pemandian Air Panas Cangar', 'Jl. Pacet, Kelurahan Tulungrejo, Kecamatan Bumiaji, Batu', '-7.751826', '112.537841', 'Pemandian Air Panas Cangar merupakan sebuah pemandian air panas alami yang terkenal di daerah Malang Raya. Cangar sendiri merupakan sebuah nama dusun sekaligus pemandian air panas yang terletak di kelurahan Tulungrejo, Kecamatan Bumiaji, Kota Wisata Batu. Cangar terletak di dalam kawasan Taman Hutan Raya R. Soeryo dan banyak dikunjungi para wisatawan yang ingin menikmati hangatnya sumber alami air panasnya. Selain itu, di sekitar pemandian air panas terdapat beberapa goa buatan yang merupakan peninggalan di masa kedudukan Jepang, pada tahun 1942-1945. Di Objek wisata Pemandian Air Panas Cangar terdapat dua pintu gerbang. Untuk sampai ke areal pemandian, para wisatawan harus berjalan kaki. Di areal pemandian, terdapat 3 kolam air hangat utama, dengan kapasitas antara 30 sampai 50 orang. 2 dari kolam air hangat utama tersebut untuk pengunjung lakilaki, dan 1 kolam dengan dinding tembok khusus disediakan untuk pengunjung wanita.\r\nDi Objek wisata Pemandian Air Panas Cangar, air hangat keluar dari perut bumi. Air hangat yang ada di Objek wisata ini relatif bening. Mungkin ini karena kandungan belerangnya tidak terlalu tinggi. Para wisatawan dapat berkunjung ke Objek wisata ini kapan pun. Tapi, pada hari Rabu dan Kamis, kolam air panas yang ada disana dikuras untuk menjaga kebersihannya. Sebagai Objek wisata, fasilitas yang tersedia di Pemandian Air Panas Cangar cukup lengkap.\r\nDisana terdapat kamar ganti, gazebo untuk bersantai, mushola, dan areal parkir yang memadai. Para pengunjung yang tidak membawa pakaian renang juga dapat membeli atau menyewa dari pengelola.\r\nPara wisatawan yang berkunjung ke Pemandian Air Panas Cangar dapat mencicipi tape ketan hitam dengan tetel, dan air tape ketan hitam yang dikenal dengan sebutan badhek, merupakan sajian khas daerah tersebut.', 'IDR 8.000', '', 'Dari arah Pacet, Mojokerto. Rute lain untuk sampai ke Objek wisata ini adalah dari arah Kota Batu – Jurang Kuali – Sumber Brantas – Cangar. Perjalanan dari Kota Batu ke Objek wisata ini memakan waktu sekitar 45 menit.', 4, 4, -1, '', '07.00 - 16.00 WIB', '1421132879', 8, 0),
(29, 'Wendit Water Park', 'Jalan Bugis , Desa Mangliawan , Kecamatan Pakis, Kabupaten Malang - Jawa Timur', '-7.95214', '112.67442', 'Wendit adalah sebuah telaga alami dengan kedalaman 2 meter dan suhu udara antara 18-25° Celsius. Air pemandian berasal langsung dari sumber mata air pegunungan yang juga dimanfaatkan oleh Perusahaan Daerah Air Minum (PDAM) Kota Malang. Dahulu nama tempat wisata ini adalah Taman Rekreasi Pemandian Wendit, lalu Pemkab Malang melakukan renovasi dari 2006-2008. Saat itu tempat ini hanya menyuguhkan wisata air berupa kolam renang serta danau buatan yang dilengkapi perahu berkeliling danau. Pada tanggal 11 Mei 2008 tempat wisata ini mulai dibuka untuk umum dengan nama baru, Wendit Water Park.\r\n\r\nKonon nama Wendit berasal dari kata Wendito, yang artinya Pendito atau Pendeta. Pada zaman dulu, masyarakat Tengger mengambil air suci dari Gunung Widodaren yang termasuk dalam gugusan Pegunungan Bromo. Namun, lama kelamaan akibat terjadi pergeseran Gunung Widodaren yang menyebabkan sulitnya akses menuju lokasi air suci tersebut. Lalu para pendeta bersemedi kepada Sang Pencipta. Pendeta lalu memilih Bukit Mangliawan sebagai tempat bersemedi dan didapatlah mata air yang kemudian dinamakan Wendito. Akhirnya masyarakat setempat percaya air di Wendit sama sucinya dengan air Widodaren di Bromo. Nama Desa Mangliawan sendiri konon berasal dari cerita Ramayana dengan tokoh Hanoman. Sedangkan monyet-monyet di sini dipercaya sebagai punggawa kerajaan dari Tengger. Menurut masyarakat setempat, Candi Wendit dijadikan sebagai tempat peristirahatan Raja Majapahit saat perjalanannya mengunjungi Candi Jago.\r\n\r\nSekarang Pemandian Wendit bersanding dengan Wendit Water Park. Fasilitas yang disediakan saat ini meliputi kolam renang anak-anak, kolam renang dewasa, kolam arus, area pemancingan, kolam spa, waterboom, carousel, bombom car, worm coaster, perahu angsa, sepeda air, mandi bola, delman domba, flying fox, sepeda trail, ATV, dan beberapa wahana maupun fasilitas penunjang lainnya.  Di kolam renang anak juga terdapat gelas tumpah yang disenangi anak-anak. Rerindangan pohon jati diisi dengan berbagai arena permainan anak dan juga taman bermain serta kios penjual makanan dengan tatanan trotoar serta taman yang indah dipandang mata.', 'IDR 15.000,- untuk dewasa; IDR 10.000,- untuk anak-anak', '', 'Angkutan Umum :                                                                                                                                                                                                                                                                                                                            Naik dari Terminal Arjosari dan naik ke angkutan AT ( Arjosari Tumpang ) dengan mobil warna putih yang berstrip warna hijau.', 3.5, 4, -1, '0341-7751508, 7352112, 7302786', '07.00 - 17.00 WIB', '1421133227', 8, 0),
(30, 'Coban Rondo', 'Desa Pandesari, Kecamatan Pujon, Kabupaten Malang', '-7.88496', '112.4773', 'Coban Rondo  memiliki ketinggian sekitar 84 m dan berada di ketinggian 1.135 meter dari permukaan laut.  Airnya berasal dari sumber di Cemoro Dudo, lereng Gunung Kawi dengan debit 150 liter per detik pada musim hujan dan 90 liter per detik di musim kemarau.  Curah hujan rata-rata 1.721 mm/th, dengan bulan basah pada bulan Nopember sampai bulan Maret dan bulan kering pada bulan April sampai dengan Oktober dengan suhu rata-rata +/- 22°C.\r\n\r\nAir terjun ini berada dalam wilayah KPH Perum Perhutani Malang Bagian Kesatuan Pemangkuan Hutan Pujon dan Resort Polisi Hutan Pujon Selatan Petak 89G.\r\n\r\nSebelum menjadi Coban Rondo, sebetulnya di atasnya ada air terjun kembar yang disebut Coban Manten. Mengalir ke bawah, air terjun itu menyatu menjadi Coban Dudo. Uniknya, Coban Dudo tersebut mengalir ke bawah menjadi Coban Rondo.\r\n\r\nSumber air dari tiga air terjun tersebut berada di Kepundan, satu dataran yang tanpa pohon satu pun berada di atas Coban Manten. Mereka yang ingin melihatnya, selain harus berhati-hati juga perlu ekstratenaga. Sebab, selain jalan licin, juga cukup jauh antara 3-4 km.', 'Hari biasa : IDR 10.000; Hari libur : IDR 12.000; Turis Mancanegara : IDR 15.000', '', 'a. Kendaraan Pribadi :                                                                                                                                                                                                                                                                                                                       Jika dari jalan raya arah Batu - Pujon, Malang, setelah melalui tanjakan yang landai dan jalan berkelok-kelok dan terkadang tajam, maka akan sampai di puncak perbukitan.  Sebuah papan nama dengan ukuran besar akan memberikan petunjuk untuk belok ke arah kiri keluar dari jalan raya guna menemukan obyek wanawisata Coban Rondo.Dari patung sapi perjalanan dilanjutkan sekitar empat kilometer untuk sampai ke air terjun Coban Rondo. Pada dua kilometer sebelum masuk kawasan akan ditemui papan bertulisan &quot;&quot;Welcome to Wana Wisata Coban Rondo&quot;&quot; Kemudian jalanan terus menurun dan suasana hutan semakin terasa. Di tempat yang melandai, gubuk-gubuk pedagang dan berbagai jenis kendaraan berjajar. Di situlah terminal akhir pengunjung berkendaraan.                                                                                                                                                                                                                                                                                                                                                                                                        b. Angkutan Umum :                                                                                                                                                                                                                                                                                                                         Bagi yang menggunakan angkutan umum, ambil bis jurusan Malang.  Lalu tumpangi bemo dari Terminal Arjosari, Malang, jurusan Landungsari. Lanjutkan dengan bis tujuan Kediri via Pujon, turun di Patung Sapi yang merupakan pintu gerbang ke Coban Rondo.', 4.5, 4.5, 0, '', '09.00 - 17.00 WIB', '', 10, 0),
(31, 'Coban Talun', 'Dusun Junggo, Desa Tulungrejo, Kecamatan Bumiaji, Batu.', '-7.804781', '112.51693', 'Untuk mencapai Coban Talun diperlukan waktu  kurang lebih 30 menit, jika melintasi hutan dan sungai yang ternyata merupakan bagian atas dari air terjun. Air terjun itu sendiri terletak didasar tebing sungai dan untuk mencapainya harus melewati sebuah jalan tanah berkelok-kelok disisi tebing. Kondisi jalan setapak tersebut cukup curam dan hanya terbuat dari tanah maka bisa dipastikan akan sangat licin saat hujan tiba. Beberapa bagian jalan malah sudah hilang trap/undakan tangga tanahnya, berubah menjadi lereng tanah curam yang membutuhkan perhatian ekstra agar tidak tergelincir atau terperosok saat melintasinya.\r\n\r\n Di coban Talun panorama alamnya sangat indah, air terjun ini terletak di antara bebatuan. Batu besar batu putih telah mendominasi isi sungai. Di dasar air terjun terdapat kolam air dangkal kolam pelimpahan. Air terjun Coban Talun dikelilingi oleh hutan dan pegunungan yang sejuk. Karena keindahan alam, kawasan ini sering digunakan sebagai area camping ground. Ini camping ground terletak di satu area dengan air terjun Coban Talun.', 'IDR 7.500', '', 'a. Kendaraan Pribadi :                                                                                                                                                                                                                                                                                                                        Untuk menuju lokasi coban ini dari alun-alun Kota Batu dengan mengambil arah ke Selecta - Cangar. Atau jika dari Surabaya dapat langsung mengambil jalur Cangar melalui Trawas. Disarankan untuk tidak melalui jalur ini pada malam hari karena tidak terdapat lampu penerangan jalan serta kondisi jalan yang berliku-liku dengan turunan curam.                     \r\n                                                                                                                                                                                                                                                                                                                                                                              b. Angkutan Umum :                                                                                                                                                                                                                                                                                                                         wisatawan dapat mencapai lokasi dengan menggunakan Angkot jurusan sesuai dengan tujuan ke Selecta, yakni menggunakan Angkot berwarna biru dengan code AL (Arjosari-Landungsari) atau ADL (Arjosari-Dinoyo-Landungsari), turun di Terminal Landungsari. Dari Landungsari, wisatawan melanjutkan perjalanan dengan Angkot berwarna Pink atau Ungu tujuan ke Terminal Batu', 3.5, 4, -1, '', 'Setiap Hari', '1421138431', 10, 0),
(32, 'Coban Rais', 'Dusun Dresel, Desa Oro-oro Ombo, Batu.', '-7.967098', '112.500343', 'Coban Rais memiliki ketinggian terjunan sekitar 20 m dan merupakan salah satu obyek wisata air terjun di kota Batu. Coban ini berada di ketinggian sekitar 1025 m dpl di lereng Gunung Panderman. Dulunya coban ini bernama Coban Sabrangan yang berarti jika hendak ke coban ini harus menyebrang 14 sungai. Pagi hari merupakan waktu terbaik jika ingin mengunjungi tempat wisata ini. Dan sangat tidak disarankan untuk mengunjungi tempat ini saat musim hujan.', 'IDR 5.500', '', 'a. Kendaraan Pribadi :                                                                                                                                                                                                                                                                                                                      Dari terminal Batu, Anda bisa langsung mengarah ke Jatim Park 2 kemudian menuju arah Studio Batu TV di Oro-Oro Ombo. Atau sebelum jalan arah ke BNS, ada gerbang jalan ke arah barat. Kita masuk dan nanti menjumpai perempatan lalu belok kanan. Ikuti jalan itu terus dan akhirnya sampailah ke tempat perkemahan Coban Rais. Arah ke air terjun kita tinggal mengikuti jalan ke atas, nanti kita tinggal mengikuti tulisan yang dipasang. \r\n\r\nb. Angkutan Umum :                                                                                                                                                                                                                                                                                                                        Bagi yang menggunakan kendaraan umum dari kota Malang naik Al atau ADL dan turun di terminal Landung sari.  Selanjutnya berganti kendaraan dengan naik Mikrolet jurusan Malang- Batu lewat Oro-oro Ombo.', 4, 4.5, -1, '', 'Setiap Hari', '1421138587', 10, 0),
(33, 'Coban Pelangi', 'Desa Gubuk Klakah, Poncokusumo, Kabupaten Malang', '-8.02563', '112.81696', 'Coban Pelangi atau air terjun Pelangi, adalah salah satu wilayah konservasi alam berjarak 10 Km dari kecamatan Tumpang dan 32 Km dari kota Malang. Coban Pelangi merupakan salah satu wanawisata yang dikelola oleh Perum Perhutani KPH Malang, kawasan ini dikelilingi oleh Taman Nasional Bromo Tengger Semeru (TNBTS). Air terjun ini berada di ketinggian 1299,5 m di kaki Gunung Semeru arah ke desa Ngadas.dan memiliki terjunan air setinggi kurang lebih 110 m. Suhu udara di kawasan ini berkisar antara 19 - 23 derajat Celcius. Dinamakan Coban Pelangi karena air terjun ini sering membiaskan warna pelangi. Jika cuaca sedang cerah dan jika Anda beruntung, Anda dapat melihat pelangi yang terbias di atas tebing Coban Pelangi.', 'IDR 6.000 ; Camping Ground : IDR 10.000', '', 'Kendaraan Pribadi :                                                                                                                                                                                                                                                                                                                      Arahkan perjalanan menuju Tumpang, dilanjutkan menuju Desa Gubug Klakah. Hati-hati karena setelah melewati desa, jalan mulai menanjak dan berkelok.  Air terjun ini berada sebelum masuk pertigaan Jemplang (yaitu pertigaan menuju Gunung Semeru dan Gunung Bromo)  usai melewati Desa Gubuk Klakah disebelah kanan jalan ini akan terlihat jelas gapura bertuliskan air terjun Coban Pelangi', 0, 0, -1, '', 'Setiap Hari;  Musim hujan - 16.00 WIB', '1421138720', 10, 0),
(34, 'Coban Trisula', 'Desa Ngadas, Kecamatan Poncokusumo, Kabupaten Malang.', '-8.004737', '112.869903', 'Coban Trisula merupakan air terjun yang berada di blok Kali Lajing, Seksi Konservasi Wilayah III.  Dinamakan Trisula karena air terjun itu jatuh ke sungai sebanyak tiga tingkat, yaitu Coban Atas (air terjun pertama dari curahan sungai/kali Lajing); dibawahnya berupa Coban Tengah (air terjun kedua yang bersumber dari aliran air terjun pertama, di bawahnya terdapat kolam), dan Coban Bawah (air terjun ketiga,bersumber dari aliran Coban Tengah).\r\n\r\nUntuk Coban Bawah memiliki ketinggian sekitar 11 m dan letaknya agak tersembunyi.  Sedangkan Coban Tengah tidak lah setinggi Coban Bawah hanya 2,5 m.  Di bawahnya terdapat tiga kolam penampungan air.  Adapun Coban Atas merupakan air terjun utama dengan ketinggian sekitar 35 m.  Untuk mencapainya harus mendaki bukit bukit yang cukup terjal.', 'HTM Gratis', '', 'a. Kendaraan Pribadi :                                                                                                                                                                                                                                                                                                                      Arah perjalanan menuju Coban Trisula adalah sama dengan menuju Coban Pelangi.  Sesampainya di pintu masuk Coban Pelangi perjalanan masih diteruskan ke atas kira0kira 1,5 km hingga tiba di pintu masuk Coban Trisula (letak pintu ini di sebelah kiri jalan bila dari berangkat dari kota Malang).\r\n\r\nb. Angkutan Umum :                                                                                                                                                                                                                                                                                                                        Bagi yang menggunakan kendaraan umum, dari kota Malang naik angkutan perkotaan jurusan Tumpang - Arjosari.  Selanjutnya dari kecamatan Tumpang naik ojek karena tidak ada angkutan lain.  Biaya ojek sebesar Rp 14000 dan langsung diantarkan ke lokasi.', 3.5, 5, -1, '', 'Setiap Hari', '1421139111', 10, 0),
(35, 'Coban Trisula', 'Desa Ngadas, Kecamatan Poncokusumo, Kabupaten Malang.', '-8.004737', '112.869903', 'Coban Trisula merupakan air terjun yang berada di blok Kali Lajing, Seksi Konservasi Wilayah III.  Dinamakan Trisula karena air terjun itu jatuh ke sungai sebanyak tiga tingkat, yaitu Coban Atas (air terjun pertama dari curahan sungai/kali Lajing); dibawahnya berupa Coban Tengah (air terjun kedua yang bersumber dari aliran air terjun pertama, di bawahnya terdapat kolam), dan Coban Bawah (air terjun ketiga,bersumber dari aliran Coban Tengah).\r\n\r\nUntuk Coban Bawah memiliki ketinggian sekitar 11 m dan letaknya agak tersembunyi.  Sedangkan Coban Tengah tidak lah setinggi Coban Bawah hanya 2,5 m.  Di bawahnya terdapat tiga kolam penampungan air.  Adapun Coban Atas merupakan air terjun utama dengan ketinggian sekitar 35 m.  Untuk mencapainya harus mendaki bukit bukit yang cukup terjal.', 'HTM Gratis', '', 'a. Kendaraan Pribadi :                                                                                                                                                                                                                                                                                                                      Arah perjalanan menuju Coban Trisula adalah sama dengan menuju Coban Pelangi.  Sesampainya di pintu masuk Coban Pelangi perjalanan masih diteruskan ke atas kira0kira 1,5 km hingga tiba di pintu masuk Coban Trisula (letak pintu ini di sebelah kiri jalan bila dari berangkat dari kota Malang).\r\n\r\nb. Angkutan Umum :                                                                                                                                                                                                                                                                                                                        Bagi yang menggunakan kendaraan umum, dari kota Malang naik angkutan perkotaan jurusan Tumpang - Arjosari.  Selanjutnya dari kecamatan Tumpang naik ojek karena tidak ada angkutan lain.  Biaya ojek sebesar Rp 14000 dan langsung diantarkan ke lokasi.', 3.5, 5, -1, '', 'Setiap Hari', '1421139329', 10, 1),
(36, 'Wisata Rafting Kaliwatu', 'Jl. Raya Pandanrejo 4 Bumiaji,  Kota Batu 65332', '-7.864139', '112.537224', 'Arung jeram di aliran sungai ini terhitung cukup menarik dan menantang. Selain aliran sungainya yang deras, juga banyak ditemui bebatuan dalam ukuran besar di sepanjang aliran sungai ini. Mengikuti rafting di aliran sungai Brantas ini memang bisa membuat jantung berdenyut keras. Bukan saja karena benturan dengan bebatuan sungai, tapi juga efek terjun mengikuti arus sungai yang deras. Sensasi yang ditimbulkan pun beragam. Kadang meliuk seperti ular, kadang pula bergoyang.', 'Paket Arung Jeram Rp 160.000/orang Peserta: Minimal 10 peserta ; Donat Boat dikenakan biaya Rp. 110.000/orang (minimal 20 pax)', 'www.kaliwaturafting.co.id', 'Kendaraan Pribadi / Kendaraan Umum :Dari alun-alun Kota Wisata Batu hanya berjarak sekitar 2 kim. Dari jalan raya Desa Pandanrejo, hanya berjarak sekitar 500 meter.', 4.5, 3.5, 0, '0341-594175', 'setiap hari', '', 13, 0),
(37, 'Coban Jahe', 'Dusun Begawan, Desa Pandansari Lor, Kecamatan Jabung, Kabupaten Malang.', '-7.972198', '113.115234', 'Coban jahe atau juga dikenal sebagai Air Terjun Begawan memiliki ketinggian sekitar 45 m dengan batu-batu cadas berukuran raksasa di dinding dan kolam kecil di bawahnya.  Air terjun ini masuk dalam kawasan Perhutani Unit II RPH Sukopuro-Jabung.\r\n\r\nNama Jahe, sebenarnya diambil dari Bahasa Jawa ‘Pejahe’ yang berarti meninggal dunia. Nama itu muncul, setelah sekitar satu regu tentara (TNI, sekarang) di bawah komando Ali Murtopo melakukan perlawanan terhadap pemerintah Belanda.  Seiring bergantinya waktu, nama ‘Pejahe’ pun lama-kelamaan berganti Jahe. Begitu juga nama makam, mereka yang dikebumikan pun dibuatkan tempat peristirahatan terakhir bernama Makam Pahlawan Kali Jahe. Keberadaan Makam Pahlawan Kali Jahe sendiri, bisa dijumpai sekitar 50 meter, tatkala sebelum pintu masuk Coban Jahe.', 'HTM Gratis', '', 'Kendaraan Pribadi :                                                                                                                                                                                                                                                                                                                        Mengambil arah ke Tumpang.  Sesampainya di Tumpang belok ke kiri ke Desa Pandansari Lor, Dusun Begawan.   \r\nSesampainya di pintu masuk Coban Jahe, perjalanan cukup sulit dilakukan dengan kendaraan bermotor karena berupa jalan yang rusak parah bahkan selanjutnya berupa jalan setapak tanah melalui melalui pematang sawah serta kebun dan beberapa bagiannya makadam (batu yang ditata).  Bagi yang membawa kendaraan roda empat dapat memparkitkan kendaraan di lokasi parkir berupa hamparan tanah kosong  sekitar 100 m dari pintu masuk tersebut. \r\nAda tanda petunjuk arah menuju coban jahe tidak jauh dari gapura pintu masuk kota Tumpang. Dari petunjuk arah ini menuju lokasi sekitar 7 km.  Selanjutnya tidak ditemui lagi  petunjuk arah, oleh karena baiknya bertanya kepada penduduk setempat ke arah mana coban tersebuit berada. \r\nSesampainya di pintu masuk Coban Jahe, perjalanan cukup sulit dilakukan dengan kendaraan bermotor karena berupa jalan yang rusak parah bahkan selanjutnya berupa jalan setapak tanah melalui melalui pematang sawah serta kebun dan beberapa bagiannya makadam (batu yang ditata).  Bagi yang membawa kendaraan roda empat dapat memparkitkan kendaraan di lokasi parkir berupa hamparan tanah kosong  sekitar 100 m dari pintu masuk tersebut. \r\nAda tanda petunjuk arah menuju coban jahe tidak jauh dari gapura pintu masuk kota Tumpang. Dari petunjuk arah ini menuju lokasi sekitar 7 km.  Selanjutnya tidak ditemui lagi  petunjuk arah, oleh karena baiknya bertanya kepada penduduk setempat ke arah mana coban tersebuit berada.', 4, 5, 1, '', 'Setiap Hari', '1421140196', 10, 1);
INSERT INTO `tbl_restaurants_restaurants` (`id_lokasi`, `name`, `address`, `lat`, `lon`, `desc1`, `email`, `website`, `transport`, `food_rating`, `price_rating`, `featured`, `phone`, `hours`, `created_at`, `category_id`, `is_deleted`) VALUES
(38, 'Coban Jahe', 'Dusun Begawan, Desa Pandansari Lor, Kecamatan Jabung, Kabupaten Malang.', '-7.972198', '113.115234', 'Coban jahe atau juga dikenal sebagai Air Terjun Begawan memiliki ketinggian sekitar 45 m dengan batu-batu cadas berukuran raksasa di dinding dan kolam kecil di bawahnya.  Air terjun ini masuk dalam kawasan Perhutani Unit II RPH Sukopuro-Jabung.\r\n\r\nNama Jahe, sebenarnya diambil dari Bahasa Jawa ‘Pejahe’ yang berarti meninggal dunia. Nama itu muncul, setelah sekitar satu regu tentara (TNI, sekarang) di bawah komando Ali Murtopo melakukan perlawanan terhadap pemerintah Belanda.  Seiring bergantinya waktu, nama ‘Pejahe’ pun lama-kelamaan berganti Jahe. Begitu juga nama makam, mereka yang dikebumikan pun dibuatkan tempat peristirahatan terakhir bernama Makam Pahlawan Kali Jahe. Keberadaan Makam Pahlawan Kali Jahe sendiri, bisa dijumpai sekitar 50 meter, tatkala sebelum pintu masuk Coban Jahe.', 'HTM Gratis', '', 'Kendaraan Pribadi :                                                                                                                                                                                                                                                                                                                        Mengambil arah ke Tumpang.  Sesampainya di Tumpang belok ke kiri ke Desa Pandansari Lor, Dusun Begawan.   \r\nSesampainya di pintu masuk Coban Jahe, perjalanan cukup sulit dilakukan dengan kendaraan bermotor karena berupa jalan yang rusak parah bahkan selanjutnya berupa jalan setapak tanah melalui melalui pematang sawah serta kebun dan beberapa bagiannya makadam (batu yang ditata).  Bagi yang membawa kendaraan roda empat dapat memparkitkan kendaraan di lokasi parkir berupa hamparan tanah kosong  sekitar 100 m dari pintu masuk tersebut. \r\nAda tanda petunjuk arah menuju coban jahe tidak jauh dari gapura pintu masuk kota Tumpang. Dari petunjuk arah ini menuju lokasi sekitar 7 km.  Selanjutnya tidak ditemui lagi  petunjuk arah, oleh karena baiknya bertanya kepada penduduk setempat ke arah mana coban tersebuit berada. \r\nSesampainya di pintu masuk Coban Jahe, perjalanan cukup sulit dilakukan dengan kendaraan bermotor karena berupa jalan yang rusak parah bahkan selanjutnya berupa jalan setapak tanah melalui melalui pematang sawah serta kebun dan beberapa bagiannya makadam (batu yang ditata).  Bagi yang membawa kendaraan roda empat dapat memparkitkan kendaraan di lokasi parkir berupa hamparan tanah kosong  sekitar 100 m dari pintu masuk tersebut. \r\nAda tanda petunjuk arah menuju coban jahe tidak jauh dari gapura pintu masuk kota Tumpang. Dari petunjuk arah ini menuju lokasi sekitar 7 km.  Selanjutnya tidak ditemui lagi  petunjuk arah, oleh karena baiknya bertanya kepada penduduk setempat ke arah mana coban tersebuit berada.', 4, 5, 0, '', 'Setiap Hari', '1421140333', 10, 0),
(39, 'Wisata Ndayung Tumpang', 'Ds. Gubuk Klakah - Kec. Poncokusumo Kab. Malang', '-8.014432', '112.853281', 'Ndayung berlokasi di Wilayah Kabupaten Malang, tepatnya di Poncokusumo, Tumpang. Aliran sungai dengan debit air dan Grade yg aman untuk berarung jeram bagi pemula atau rombongan wisata keluarga. Di samping itu kita bisa sambil menikmati indahnya Air Terjun Coban Pelangi yg merupakan satu kompleks area wisata dengan Ndayung Rafting itu sendiri.', 'Loading Trip : 5 km, Durasi lebih kurang 2 Jam. Harga Rp. 245.000,- / pax Minimal 4 orang ; Watu Pecah Trip : 7 km, Durasi lebih kurang 3 Jam. Harga Rp. 275.000,- / pax Minimal 4 orang', 'ndayung.blogspot.com', 'Kendaraan Pribadi :Dari Kota Malang sekitar 45 menit perjalanan atau 20 menit dari Bandara Abdulrachman Saleh menuju arah timur melewati kota Tumpang. Kendaraan Umum :Dari Terminal Arjosari menuju Tumpang menggunakan angkot TA (Tumpang-Arjosari) lalu menuju Desa Gubugklakah menggunakan angkot GTM (Gubugklakah-Tumpang-Madyopuro).', 3, 3, 0, '0341-7777520', 'setiap hari', '', 13, 0),
(40, 'Wisata Outbond Batu', 'Jalan indra giri gang 5 no 23, Batu, East Java 65312', '-7.010132', '107.607629', 'wisata outbond ini menyajikan wisata outbond yang menantang dan menarik di kawasan Kasembon', 'Paket Fun Biaya : Rp. 120.000,- / orang Durasi : 1 hari ;  Paket outbound fun games, team building dan Haight roop  :  Rp. 125.000,- / orang Paket outbound + Petik Apel  :  Rp. 140.000,- / orang ;  Children Kidd Biaya : Rp. 85.000,- / orang ; Paket Batu  Rafting (Kota Wisata Batu) hanya 7 menit dari alun-alun batu (NEW!!) Hanya Rp. 160.000,-/orang (weekday) dan Rp 175.000,- /orang (weekend)  ; Paket Batu Rafting Pelajar Rp 125.000,- ; Paket Rafting dan Outbound Training = Rp 290 ribu/orang ; air Soft Gun = Rp 130 ribu/orang ; Paint Ball Rp 135.000', 'www.baturafting.co.id', 'Kendaraan Pribadi / Kendaraan Umum : Dari Malang, silahkan menuju jalur Batu-Pujon-Ngantang dan terakhir kasembon. Di Jalan raya terdapat Papan nama di sisi kiri jalan, kemudian masuk ke arah papan nama tersebut kira2 2 (dua) km, maka sampailah di lokasi outbond Batu', 4.5, 2.5, -1, '0341 7073553', 'setiap hari', '', 13, 0),
(41, 'Kusuma Agrowisata', 'Jl. Abdul Gani Atas, Batu, Malang', '-7.882538', '112.51491', 'Tempat ini merupakan pelopor wisata agro di Indonesia. Sejatinya Kusuma Agrowisata adalah hotel dan lokasi wisata agro. Kalau biasanya hotel memberikan fasilitas wisata kepada pengunjungnya, Kusuma Agrowisata Batu justru kebalikannya. Wisata agro ini merupakan satu-satunya wisata yang menawarkan hotel sebagai fasilitas pendukungnya.\r\n\r\nKusuma Agrowisata terletak pada ketinggian ±1000 meter dari permukaan laut yaitu di Jl. Abdul Gani Atas. Wisata yang ditawarkan adalah perkebunan yang menyediakan layanan wisata petik di kebun apel, jeruk, jambu merah, buah naga, stroberi dan sayur hidroponik bebas pestisida. Selain wisata petik, objek wisata berhawa sejuk ini juga menawarkan wahana outbound seperti bermain War Game di arena airsoft gun, mengendarai ATV di mini off-road track dan flying fox.', 'Tiket masuk: Paket 1 Senin-Jumat : Rp. 45.000,- Sabtu-Minggu : Rp. 50.000,- Fasilitas: Waffel Apel, Wisata Petik 2 Apel/Jeruk/Strawberry, Jus Buah; Paket 2 Senin-Jumat : Rp. 55.000,- Sabtu-Minggu : Rp. 60.000,- Fasilitas: Wisata Petik 2 Apel/Jeruk/Strawberry, Jus Buah, Nasi Goreng Apel/Bakmi Goreng;  Tiket mobil wisata Rp. 10.000,00/orang', 'www.kusuma-agrowisata.com/', 'Kendaraan Pribadi :                                                                                                                                                                                                                                                                                                                        Dari Terminal Kota Malang dapat ditempuh dalam waktu 40 menit. Aksesnya sama seperti menuju ke Batu Secret Zoo, namun ketika sampai di pertigaan Karangploso Anda ikuti terus jalan ini hingga ada jalan satu arah. Di sudut ini terdapat kantor Koramil. Di sepanjang jalan menanjak tersebut Anda akan menemui kompleks kantor pemerintahan kota Batu. Ikuti terus sampai ujung jalan hingga menemui pertigaan. Anda cukup belok kiri karena itulah gerbang menuju lokasi wisata Kusuma Agrowisata.', 4, 2, -1, '+62 341 593333', 'Senin-Jumat : 08.00-17.00 WIB; Sabtu-Minggu : 06.00-18.00 WI', '1421141212', 11, 0),
(42, 'Agrowisata Wonosari', 'Desa Toyomarto, Kecamatan Singosari dan Desa Wonorejo, Kecamatan Lawang, Kabupaten Malang.', ' -7°51''33.02', '112°39''32.09', 'Kebun Wonosari dengan diversifikasi obyek wisata agro merupakan salah satu tempat yang nyaman dikunjungi, karena kondisi iklimnya yang sejuk dan keindahan panorama kebun teh yang sangat alami. Sebagai obyek wisata yang mempunyai kekhasan &quot;teh&quot; menyajikan sentuhan kepariwisataan dengan nuansa &#039;perkebunan&#039; dalam memenuhi kebutuhan wisatawan dengan pelbagai fasilitas : Rekreasi, Penginapan dan Olah raga. Pesona wisata agro kebun teh dengan panorama indah, semilir angin pegunungan menyapa lembut para wisatawan yang berkunjung ke Wisata Agro Wonosari.', 'Hari biasa : IDR 8.000; Hari libur/minggu : IDR 12.000', '', 'a. Kendaraan Pribadi :                                                                                                                                                                                                                                                                                                                      Ambil arah menuju Lawang, jika sudah sampai di Pasar Lawang ada penunjuk arah untuk berbelok ke arah barat dan masih sekitar 6 Km lagi perjalanan.\r\n\r\nb. Angkutan Umum :                                                                                                                                                                                                                                                                                                                        Bagi yang menggunakan kendaraan umum, turun di Lawang lalu menggunakan angkutan umum jurusan SLKW (Sumber Porong-Lawang-Ketindan-Wonosari) yang berwarna biru. Untuk sampai ke Wonosari dari Lawang tarifnya sekitar IDR 3.500. Bila dari Stasiun Lawang Anda harus berjalan kaki sampai ke persimpangan menuju Wonosari. Angkot menuju Perkebunan Teh Wonosari ini hanya melayani penumpang hingga pukul 4 sore. Setelah jam tersebut, angkot hanya melayani jalur turun dari perkebunan.', 3.5, 3.5, -1, '0341-426032 / 0341-9337198', '07.00 – 17.00 WIB', '1421199553', 11, 0),
(43, 'Wisata Petik Bunga Mawar GUMUR', 'Jl.Gunung Sari No.29 Gunung Sari,  Kec. Bumiaji,  Kota Wisata Batu.', '-7.841234', '112.5085645', 'Desa Gunungsari merupakan satu-satunya desa di wilayah Kecamatan Bumiaji yang memiliki potensi budidaya bunga potong mawar yang besar dengan cakupan luas lahan mencapai lebih dari 60 hektar. Desa ini terletak diantara daerah perbukitan gunung Panderman disebelah selatan serta gunung Arjuna disebelah utara. Desa ini juga merupakan desa pemasok bunga mawar potong terbesar di seluruh Indonesia. Bahkan, mawar potong ini dikirim sampai ke Semarang, Bandung, Jakarta, dan Bali.\r\n\r\nDesa wisata Gunungsari sangat mengandalkan wisata petik mawarnya. Salah satu tempat yang paling terkenal adalah GUMUR, yang menawarkan Petik Mawar Presto (Mawar Tanpa Duri)!  Wisata petik bunga mawar unik ini pastinya aman dan mengasyikkan untuk penyuka bunga Mawar tanpa takut tertusuk durinya. \r\n\r\nSelain tanpa duri, bunga Mawar  potong yang di tanam di daerah kota wisata Batu memang terkenal dengan batangnya yang panjang dan kuat sehingga cocok untuk dijadikan dekorasi karena tahan lama.', 'IDR 10.000,-/orang; Mawar : IDR 3.000,-/tangkai', '', 'Angkutan Umum :                                                                                                                                                                                                                                                                                                                          Untuk pengunjung yang ingin menuju ke lokasi tersebut menggunakan kendaraan umum. Terlebih dahulu harus naik angkot BG jurusan Batu - Gunungsari.', 4, 4, -1, '0341 - 5025435', 'Setiap Hari', '1421200359', 11, 0),
(44, 'Wisata Petik Buah Jambu', 'Kecamatan Ngantang, kab.Malang.', '-7.8652772', '112.3611111', 'Ingin wisata di taman yang sejuk sekaligus menikmati rindangnya kebun jambu biji? Datanglah ke Taman Wisata Selorejo di Malang. Obyek wisata ini bisa dijadikan alternatif liburan akhir pekan yang menyenangkan. Taman wisata Selorejo merupakan milik Perum Jasa Tirta I di Desa Selorejo. Jarak tempuhnya ±43 km arah barat dari Kota Malang. Dibangun pertama kali pada tahun 1970 dan membendung aliran sungai Kali Konto, Lahar Kletak, Kali Kwayangan dan beberapa sungai kecil. Tempat ini cukup terkenal sebagai tempat pemancingan di kalangan pemancing lokal. Bendungan ini termasuk daerah yang masih cukup berhasil menjaga kondisi airnya sehingga terbebas dari limbah air.\r\nTaman wisata ini cukup luas dan sejuk. Cocok untuk refreshing bersama anggota keluarga. Anak-anak bisa bermainmain dengan bebas di taman. Anda juga bisa berperahu ke Pulau Jambu yang ada di tengah waduk. Di pulau itu terdapat ratusan pohon jambu klutuk atau jambu biji. Untuk mencapai Pulau Jambu, Pemda Kabupaten Malang telah menyediakan perahu milik masyarakat setempat.', 'Biaya Masuk Selorejo : IDR 10.000;  Biaya Masuk Kebun Jambu : IDR 5.000;  Tarif sewa perahu : Mesin PP  IDR 8.000 – IDR 10.000; Perahu dayung IDR 3.000 - IDR 5.000.', '', 'Kendaraan Pribadi :                                                                                                                                                                                                                                                                                                                         Dari kota Malang, Taman Wisata Selorejo dapat dilalui dengan melewati jalur Kabupaten Malang – Batu – Selorejo dengan jarak tempuh 60 km. Jika dari kota Surabaya, Anda bisa melalui jalur Surabaya – Krian – Mojoagung – Ngoro – Ngantang – Pujon – Selorejo.', 0, 0, -1, '', 'Setiap Hari', '1421200702', 11, 0),
(45, 'Rafting Ngantang Selorejo', 'kecamatan Ngantang Kabupaten Malang', '7.948076', '112.620987', 'Raftingatau Arung Jeram adalah kegiatan yang membutuhkan kemampuan fisik dan mental karena adanya tantangan alam. Tentu ada aspek rekreasi dalam olah raga tantangan ini karena lokasi rafting biasanya berada di daerah yang masih hijau dan asri. Anda bisa menikmati pemandangan dan suasana yang tenang. Arung jeram| Rafting di Selorejo Malang menawarkan pemandangan indah pedesaan di kanan kiri sungai yang dilewati.', 'Rafting Selorejo Rp. 175.000,- / pax', 'www.selorejorafting.com', 'Kendaraan Pribadi :\r\nDari kota Malang 1 jam perjalanan menuju arah barat melewati kota Batu – Pujon – Ngantang', 3, 3, 0, '-', 'Setiap Hari', '1421306098', 13, 0);

/*!40101 SET CHARACTER_SET_CLIENT=@OLD_CHARACTER_SET_CLIENT */;
/*!40101 SET CHARACTER_SET_RESULTS=@OLD_CHARACTER_SET_RESULTS */;
/*!40101 SET COLLATION_CONNECTION=@OLD_COLLATION_CONNECTION */;
